{
  "images" : [
    {
      "idiom" : "iphone",
      "scale" : "1x",
      "filename" : "clouds~iphone.png"
    },
    {
      "idiom" : "iphone",
      "scale" : "2x",
      "filename" : "clouds@2x~iphone.png"
    },
    {
      "idiom" : "iphone",
      "scale" : "3x"
    },
    {
      "idiom" : "ipad",
      "scale" : "1x",
      "filename" : "clouds~ipad.png"
    },
    {
      "idiom" : "ipad",
      "scale" : "2x",
      "filename" : "clouds@2x~ipad.png"
    }
  ],
  "info" : {
    "version" : 1,
    "author" : "xcode"
  }
}